original ,,,PV_Name,MW_refined,bus_connection,Geodata
,,,1,33.5,8,"3.0925, 39.80944"
22,increased,,2,94.5,4,"2.678889, 39.65083"
25.4,increased,,3,75.4,6,"2.744444, 39.60028"
,,,4,148.2,9,"3.158056, 39.58194"
142.5,,,5,72.5,13,"3.855278, 40.00333"
275.1,12 to 0,,6,225.1,0,"(1.430833, 38.91917)"
,,,7,290,10,"3.159638, 39.58209"
,,,8,88.4,15,"4.236667, 39.89111"
,to 5,,9,91.5,5,"(2.724617, 39.56686)"
,,,10,187.8,7,"3.039444, 39.67333"